<?xml version="1.0" encoding="UTF-8"?><?xml-stylesheet type='text/xsl' href='_UpgradeReport_Files/UpgradeReport.xslt'?><UpgradeLog>
<Properties><Property Name="Solution" Value="SerialCommunication">
</Property><Property Name="Solution File" Value="J:\Projects\SerialCommunication\SerialCommunication.sln">
</Property><Property Name="User Options File" Value="J:\Projects\SerialCommunication\SerialCommunication.suo">
</Property><Property Name="Date" Value="15 April 2011">
</Property><Property Name="Time" Value="22:27">
</Property></Properties><Event ErrorLevel="0" Project="" Source="SerialCommunication.sln" Description="File successfully backed up as J:\Projects\SerialCommunication\Backup\SerialCommunication.sln">
</Event><Event ErrorLevel="0" Project="" Source="SerialCommunication.suo" Description="File successfully backed up as J:\Projects\SerialCommunication\Backup\SerialCommunication.suo">
</Event><Event ErrorLevel="0" Project="SerialCommunication" Source="SerialCommunication\SerialCommunication.csproj" Description="Project file successfully backed up as J:\Projects\SerialCommunication\Backup\SerialCommunication\SerialCommunication.csproj">
</Event><Event ErrorLevel="0" Project="SerialCommunication" Source="SerialCommunication\SerialCommunication.csproj.user" Description="Project user file successfully backed up as J:\Projects\SerialCommunication\Backup\SerialCommunication\SerialCommunication.csproj.user">
</Event><Event ErrorLevel="0" Project="SerialCommunication" Source="SerialCommunication\Form1.cs" Description="File successfully backed up as J:\Projects\SerialCommunication\Backup\SerialCommunication\Form1.cs">
</Event><Event ErrorLevel="0" Project="SerialCommunication" Source="SerialCommunication\Form1.Designer.cs" Description="File successfully backed up as J:\Projects\SerialCommunication\Backup\SerialCommunication\Form1.Designer.cs">
</Event><Event ErrorLevel="0" Project="SerialCommunication" Source="SerialCommunication\Program.cs" Description="File successfully backed up as J:\Projects\SerialCommunication\Backup\SerialCommunication\Program.cs">
</Event><Event ErrorLevel="0" Project="SerialCommunication" Source="SerialCommunication\Properties\AssemblyInfo.cs" Description="File successfully backed up as J:\Projects\SerialCommunication\Backup\SerialCommunication\Properties\AssemblyInfo.cs">
</Event><Event ErrorLevel="0" Project="SerialCommunication" Source="SerialCommunication\Properties\Resources.Designer.cs" Description="File successfully backed up as J:\Projects\SerialCommunication\Backup\SerialCommunication\Properties\Resources.Designer.cs">
</Event><Event ErrorLevel="0" Project="SerialCommunication" Source="SerialCommunication\Properties\Settings.Designer.cs" Description="File successfully backed up as J:\Projects\SerialCommunication\Backup\SerialCommunication\Properties\Settings.Designer.cs">
</Event><Event ErrorLevel="0" Project="SerialCommunication" Source="SerialCommunication\Properties\Settings.settings" Description="File successfully backed up as J:\Projects\SerialCommunication\Backup\SerialCommunication\Properties\Settings.settings">
</Event><Event ErrorLevel="0" Project="SerialCommunication" Source="SerialCommunication\Form1.resx" Description="File successfully backed up as J:\Projects\SerialCommunication\Backup\SerialCommunication\Form1.resx">
</Event><Event ErrorLevel="0" Project="SerialCommunication" Source="SerialCommunication\Properties\Resources.resx" Description="File successfully backed up as J:\Projects\SerialCommunication\Backup\SerialCommunication\Properties\Resources.resx">
</Event><Event ErrorLevel="0" Project="SerialCommunication" Source="SerialCommunication\SerialCommunication.csproj" Description="Project converted successfully">
</Event><Event ErrorLevel="3" Project="SerialCommunication" Source="SerialCommunication\SerialCommunication.csproj" Description="Converted">
</Event><Event ErrorLevel="0" Project="" Source="SerialCommunication.sln" Description="Solution converted successfully">
</Event><Event ErrorLevel="3" Project="" Source="SerialCommunication.sln" Description="Converted">
</Event><Event ErrorLevel="0" Project="SerialCommunication" Source="SerialCommunication\SerialCommunication.csproj" Description="Scan complete: Upgrade not required for project files.">
</Event></UpgradeLog>